{ 
        "mqtt_info" : {"name" : "Location", "port": 9884, "id" : "user10", "pw" : "user10"},
        "range":[ "l1","l2","r1","r2"],
        "l1" : [[35.09883047931606, 129.0947530269278],
                [35.098834249044145, 129.0947956128566],
                [35.098769464583306, 129.09476380120142],
                [35.098764274024575, 129.09480341654614]],
        "conversion" : [ [35.09884398422536, 129.09507958196056],
                [35.09884864294838, 129.0951358969411],
                [35.0987930320196, 129.09509472541345],
                [35.098802407720505, 129.09513882544562]],                                
        "r1" : [ [35.095847030681696, 129.09563471974218],
                [35.09585480650597, 129.09570618882097],
                [35.09579962210141, 129.09564035906334],
                [35.09580969721367, 129.09570914580652]],
        "r2" : [ [35.0964142391428, 129.0955998982017],
                [35.09641789017279, 129.09564933279378],
                [35.09638067366989, 129.09558670371288],
                [35.09638183590629, 129.09564978043883]],                                

        "global" : [[129.0946257527708, 35.09952114400386], [129.09940126055628, 35.09697701073962]],
        "road_id" : ["road1", "road2","road3", "road4","road5"], 
        "road1" : [[129.09633104608238, 35.10114846920915],
                [129.0965082739764, 35.10116455307373],
                [129.09669382586338, 35.099311707032065],
                [129.09648914374424, 35.099293845391465]],
        "road2" : [[129.09540183101117, 35.099331799653065],
                [129.09744679446158, 35.09949130127213],
                [ 129.09746259930216, 35.09935923273561],
                [ 129.09541684557723, 35.099222274057055]],
        "road3" : [[129.09519814869148, 35.101280706212954],
                [129.09696397064883, 35.10140336203035],
                [ 129.09699017430532, 35.10119564129664],
                [ 129.09521665527132, 35.10109339501202]],
        "road4" : [[129.09563660816863, 35.10154234729212],
                [129.09578591656037, 35.10153863883897],
                [129.0960320444431, 35.099320901600805],
                [129.09585484944782, 35.0993059428462]],
        "road5" : [[129.09443014243814, 35.10153166333827],
                [129.09479644021454, 35.10154448195524],
                [129.09525412844, 35.097149033090844],
                [129.09490825620847, 35.09713023016785]],                

        "crash1" : [35.09880302153021, 129.09497299526743],
        "stop" : [35.09625230363864, 129.09564920576472],
        "worker_id" : [ "p1" ],
        "vehicle_id" : [ "v1" ],
        "p1" : { "time" : [0, 0] , "speed" : [ 0, 0], "routes" : ["stop"], "mode" : "reverse", "num": 1,
                "equ_no" : "12345", "dev_id" : "S01074456100","name" : "wearable_location_16", "port": "9884", "id" : "user16", "pw" : "user16"},                
        "v1" : { "time" : [0, 10] , "speed" : [ 4.16667, 4.16668], "routes" : ["r1","r2"], "mode" : "", "num": 1,
                "equ_no" : "YT375", "dev_id" : "S01228443783","name" : "location_16", "port": "9884", "id" : "user16", "pw" : "user16"}
   


    }
